{
  "test_name": "req_rep_baseline",
  "timestamp": "20250924_114004",
  "total_samples": 500,
  "rtt_mean_ms": 1.7239936999831116,
  "rtt_std_ms": 0.11348310809736809,
  "rtt_min_ms": 1.4262600016081706,
  "rtt_max_ms": 2.4094399996101856,
  "rtt_p95_ms": 1.8749500013655052,
  "rtt_p99_ms": 1.9234523009072289
}